id,procedure,city,surgeon_inr,lens_inr,facility_inr,diagnostics_inr,total_inr,source
SYN-001,cataract_one_eye,Pune,18200,14400,8200,4500,45300,synthetic-v1-seed-36
SYN-002,cataract_one_eye,Pune,17600,15000,8000,3100,43700,synthetic-v1-seed-36
SYN-003,cataract_one_eye,Pune,22000,17500,11100,2300,52900,synthetic-v1-seed-36
SYN-004,cataract_one_eye,Pune,23300,29700,13500,2600,69100,synthetic-v1-seed-36
SYN-005,cataract_one_eye,Pune,21100,19800,14900,1700,57500,synthetic-v1-seed-36
SYN-006,cataract_one_eye,Pune,21300,23400,14200,2700,61600,synthetic-v1-seed-36
SYN-007,cataract_one_eye,Pune,18400,23100,11100,2700,55300,synthetic-v1-seed-36
SYN-008,cataract_one_eye,Pune,16100,16100,14500,3000,49700,synthetic-v1-seed-36
SYN-009,cataract_one_eye,Pune,22900,18200,14700,2400,58200,synthetic-v1-seed-36
SYN-010,cataract_one_eye,Pune,16300,25500,15500,2500,59800,synthetic-v1-seed-36
SYN-011,cataract_one_eye,Pune,23100,27000,10100,1500,61700,synthetic-v1-seed-36
SYN-012,cataract_one_eye,Pune,21600,22800,14300,1900,60600,synthetic-v1-seed-36
SYN-013,cataract_one_eye,Pune,23600,18500,13300,4300,59700,synthetic-v1-seed-36
SYN-014,cataract_one_eye,Pune,18700,18300,14300,4400,55700,synthetic-v1-seed-36
SYN-015,cataract_one_eye,Pune,23300,19500,15800,1600,60200,synthetic-v1-seed-36
SYN-016,cataract_one_eye,Pune,17000,29000,14400,2900,63300,synthetic-v1-seed-36
SYN-017,cataract_one_eye,Pune,22300,25900,11700,2900,62800,synthetic-v1-seed-36
SYN-018,cataract_one_eye,Pune,23300,15100,11000,2400,51800,synthetic-v1-seed-36
SYN-019,cataract_one_eye,Pune,16600,27500,10100,2000,56200,synthetic-v1-seed-36
SYN-020,cataract_one_eye,Pune,14800,19100,12700,2800,49400,synthetic-v1-seed-36
SYN-021,cataract_one_eye,Pune,23100,26900,8200,3400,61600,synthetic-v1-seed-36
SYN-022,cataract_one_eye,Pune,18800,21900,14200,2000,56900,synthetic-v1-seed-36
SYN-023,cataract_one_eye,Pune,20800,27400,11200,1700,61100,synthetic-v1-seed-36
SYN-024,cataract_one_eye,Pune,15200,29600,13800,2100,60700,synthetic-v1-seed-36
SYN-025,cataract_one_eye,Pune,16800,22000,9800,3900,52500,synthetic-v1-seed-36
SYN-026,cataract_one_eye,Pune,15700,17600,14900,3500,51700,synthetic-v1-seed-36
SYN-027,cataract_one_eye,Pune,15000,25100,11500,4300,55900,synthetic-v1-seed-36
SYN-028,cataract_one_eye,Pune,17500,20500,8000,3200,49200,synthetic-v1-seed-36
SYN-029,cataract_one_eye,Pune,17800,27300,8700,2400,56200,synthetic-v1-seed-36
SYN-030,cataract_one_eye,Pune,14400,25700,9000,2700,51800,synthetic-v1-seed-36
SYN-031,cataract_one_eye,Pune,22700,16000,11800,2800,53300,synthetic-v1-seed-36
SYN-032,cataract_one_eye,Pune,18800,17700,11400,2500,50400,synthetic-v1-seed-36
SYN-033,cataract_one_eye,Pune,16500,16500,11600,2900,47500,synthetic-v1-seed-36
SYN-034,cataract_one_eye,Pune,19400,15700,16000,3900,55000,synthetic-v1-seed-36
SYN-035,cataract_one_eye,Pune,16200,15800,9600,2900,44500,synthetic-v1-seed-36
SYN-036,cataract_one_eye,Pune,22700,20900,11800,3200,58600,synthetic-v1-seed-36
SYN-037,cataract_one_eye,Pune,19700,13800,15300,2000,50800,synthetic-v1-seed-36
SYN-038,cataract_one_eye,Pune,18900,15000,8600,2500,45000,synthetic-v1-seed-36
SYN-039,cataract_one_eye,Pune,17100,25600,11100,2600,56400,synthetic-v1-seed-36
SYN-040,cataract_one_eye,Pune,15200,23800,12600,1900,53500,synthetic-v1-seed-36
